{
    "currentHealth": 3,
    "maxHealth": 3,
    "currentStamina": 2,
    "coin": 0,
    "point": 0,
    "sceneName": "Scene1",
    "position": [
        2.076568126678467,
        3.7534303665161135,
        0.0
    ]
}