{
    "currentHealth": 3,
    "maxHealth": 3,
    "currentStamina": 3,
    "coin": 0,
    "sceneName": "Scene1",
    "position": [
        -0.3508830666542053,
        0.6802960634231567,
        0.0
    ]
}