{
    "currentHealth": 2,
    "maxHealth": 3,
    "currentStamina": 1,
    "coin": 12,
    "sceneName": "Scene2",
    "position": [
        -2.22249174118042,
        5.374391555786133,
        0.0
    ]
}