{
    "currentHealth": 3,
    "maxHealth": 3,
    "currentStamina": 3,
    "coin": 20,
    "point": 0,
    "sceneName": "Scene1",
    "position": [
        11.530000686645508,
        -5.619999885559082,
        0.0
    ],
    "weapons": [
        "Sword"
    ]
}