{
    "currentHealth": 2,
    "maxHealth": 3,
    "currentStamina": 0,
    "coin": 0,
    "sceneName": "Scene2",
    "position": [
        12.999113082885743,
        3.60911226272583,
        0.0
    ]
}